Task ID,Task Name,Work Role,Category
390A,Task,General,General
391,Task,General,General
391A,Task,General,General
392,Task,General,General
393A,Task,General,General
393B,Task,General,General
394A,Task,General,General
395,Task,General,General
395A,Task,General,General
396,Task,General,General
397,Task,General,General
398,Task,General,General
400,Task,General,General
400A,Task,General,General
401,Task,General,General
402A,Task,General,General
408,Task,General,General
408A,Task,General,General
410A,Task,General,General
411,Task,General,General
411A,Task,General,General
412A,Task,General,General
413A,Task,General,General
414,Task,General,General
414A,Task,General,General
416,Task,General,General
416A,Task,General,General
417,Task,General,General
418,Task,General,General
419,Task,General,General
420,Task,General,General
421,Task,General,General
421A,Task,General,General
424B,Task,General,General
425,Task,General,General
426,Task,General,General
427,Task,General,General
429A,Task,General,General
431,Task,General,General
431A,Task,General,General
432,Task,General,General
433,Task,General,General
434A,Task,General,General
438A,Task,General,General
440,Task,General,General
445,Task,General,General
446,Task,General,General
447,Task,General,General
447A,Task,General,General
448,Task,General,General
451A,Task,General,General
452,Task,General,General
453,Task,General,General
454,Task,General,General
456A,Task,General,General
457,Task,General,General
458,Task,General,General
459A,Task,General,General
461,Task,General,General
462,Task,General,General
463,Task,General,General
464,Task,General,General
465,Task,General,General
466,Task,General,General
466A,Task,General,General
467,Task,General,General
470,Task,General,General
471,Task,General,General
472,Task,General,General
475,Task,General,General
476,Task,General,General
477,Task,General,General
478,Task,General,General
479A,Task,General,General
480,Task,General,General
481A,Task,General,General
482,Task,General,General
482A,Task,General,General
483,Task,General,General
483A,Task,General,General
484,Task,General,General
485A,Task,General,General
487,Task,General,General
490A,Task,General,General
490B,Task,General,General
491A,Task,General,General
492A,Task,General,General
492B,Task,General,General
494,Task,General,General
496A,Task,General,General
499,Task,General,General
500,Task,General,General
500A,Task,General,General
500B,Task,General,General
501,Task,General,General
502A,Task,General,General
502B,Task,General,General
503A,Task,General,General
504A,Task,General,General
504B,Task,General,General
505A,Task,General,General
506,Task,General,General
507A,Task,General,General
508,Task,General,General
511B,Task,General,General
512,Task,General,General
513,Task,General,General
515A,Task,General,General
515B,Task,General,General
515C,Task,General,General
516,Task,General,General
516A,Task,General,General
517,Task,General,General
518,Task,General,General
518A,Task,General,General
520,Task,General,General
520A,Task,General,General
520B,Task,General,General
521A,Task,General,General
522,Task,General,General
524,Task,General,General
525A,Task,General,General
527,Task,General,General
528A,Task,General,General
529,Task,General,General
530,Task,General,General
530A,Task,General,General
531,Task,General,General
534,Task,General,General
537,Task,General,General
537A,Task,General,General
538,Task,General,General
539,Task,General,General
539A,Task,General,General
541,Task,General,General
542,Task,General,General
542A,Task,General,General
542B,Task,General,General
543,Task,General,General
547,Task,General,General
548,Task,General,General
550,Task,General,General
551A,Task,General,General
554A,Task,General,General
555,Task,General,General
559A,Task,General,General
559B,Task,General,General
559C,Task,General,General
561,Task,General,General
564A,Task,General,General
565A,Task,General,General
566,Task,General,General
568,Task,General,General
569A,Task,General,General
571,Task,General,General
572,Task,General,General
573,Task,General,General
574A,Task,General,General
576,Task,General,General
578,Task,General,General
579,Task,General,General
584,Task,General,General
585,Task,General,General
590,Task,General,General
593A,Task,General,General
594,Task,General,General
596,Task,General,General
597,Task,General,General
598,Task,General,General
598A,Task,General,General
599,Task,General,General
600,Task,General,General
602,Task,General,General
606,Task,General,General
607,Task,General,General
612A,Task,General,General
613,Task,General,General
616A,Task,General,General
618A,Task,General,General
620A,Task,General,General
623,Task,General,General
626,Task,General,General
626A,Task,General,General
628,Task,General,General
629A,Task,General,General
629B,Task,General,General
630,Task,General,General
631,Task,General,General
632,Task,General,General
633,Task,General,General
634,Task,General,General
635,Task,General,General
636,Task,General,General
637,Task,General,General
639A,Task,General,General
640,Task,General,General
641,Task,General,General
643A,Task,General,General
644,Task,General,General
645,Task,General,General
646A,Task,General,General
648,Task,General,General
649,Task,General,General
653A,Task,General,General
653B,Task,General,General
654A,Task,General,General
654B,Task,General,General
655A,Task,General,General
656,Task,General,General
659,Task,General,General
659A,Task,General,General
660,Task,General,General
661A,Task,General,General
662,Task,General,General
664A,Task,General,General
665A,Task,General,General
666,Task,General,General
667,Task,General,General
669,Task,General,General
670A,Task,General,General
671,Task,General,General
673,Task,General,General
674,Task,General,General
675,Task,General,General
676,Task,General,General
677,Task,General,General
679,Task,General,General
680,Task,General,General
680A,Task,General,General
680B,Task,General,General
683,Task,General,General
684,Task,General,General
685,Task,General,General
685A,Task,General,General
688,Task,General,General
690,Task,General,General
691,Task,General,General
692,Task,General,General
694,Task,General,General
695,Task,General,General
695A,Task,General,General
696,Task,General,General
696A,Task,General,General
696B,Task,General,General
696C,Task,General,General
698A,Task,General,General
700A,Task,General,General
701A,Task,General,General
702,Task,General,General
705,Task,General,General
706,Task,General,General
707,Task,General,General
708A,Task,General,General
709A,Task,General,General
710,Task,General,General
711,Task,General,General
712,Task,General,General
713A,Task,General,General
714A,Task,General,General
716A,Task,General,General
717A,Task,General,General
718,Task,General,General
720A,Task,General,General
721,Task,General,General
723,Task,General,General
724A,Task,General,General
726,Task,General,General
728A,Task,General,General
729A,Task,General,General
730,Task,General,General
731,Task,General,General
731A,Task,General,General
733,Task,General,General
736,Task,General,General
737B,Task,General,General
738,Task,General,General
740,Task,General,General
741A,Task,General,General
743,Task,General,General
745,Task,General,General
748A,Task,General,General
749,Task,General,General
750,Task,General,General
752,Task,General,General
753,Task,General,General
754,Task,General,General
755,Task,General,General
756,Task,General,General
757A,Task,General,General
758,Task,General,General
759,Task,General,General
760,Task,General,General
761A,Task,General,General
762,Task,General,General
763A,Task,General,General
763B,Task,General,General
764,Task,General,General
764A,Task,General,General
765,Task,General,General
765A,Task,General,General
765B,Task,General,General
766A,Task,General,General
767,Task,General,General
768,Task,General,General
769,Task,General,General
770,Task,General,General
771,Task,General,General
772,Task,General,General
775,Task,General,General
777,Task,General,General
778A,Task,General,General
779A,Task,General,General
780A,Task,General,General
781,Task,General,General
782,Task,General,General
784,Task,General,General
785,Task,General,General
785A,Task,General,General
786,Task,General,General
787A,Task,General,General
788A,Task,General,General
789,Task,General,General
790,Task,General,General
792,Task,General,General
794A,Task,General,General
795,Task,General,General
796,Task,General,General
797,Task,General,General
798,Task,General,General
800,Task,General,General
801,Task,General,General
801A,Task,General,General
801B,Task,General,General
802,Task,General,General
803,Task,General,General
806,Task,General,General
806A,Task,General,General
807,Task,General,General
808,Task,General,General
808A,Task,General,General
808B,Task,General,General
809,Task,General,General
810,Task,General,General
811,Task,General,General
812A,Task,General,General
813,Task,General,General
814,Task,General,General
815,Task,General,General
816,Task,General,General
817,Task,General,General
818,Task,General,General
823,Task,General,General
824,Task,General,General
825,Task,General,General
826,Task,General,General
827,Task,General,General
828,Task,General,General
830A,Task,General,General
834,Task,General,General
835A,Task,General,General
836,Task,General,General
836A,Task,General,General
836B,Task,General,General
838,Task,General,General
839A,Task,General,General
840,Task,General,General
840A,Task,General,General
840B,Task,General,General
841,Task,General,General
841A,Task,General,General
842A,Task,General,General
843,Task,General,General
845A,Task,General,General
847,Task,General,General
848,Task,General,General
850,Task,General,General
852,Task,General,General
854A,Task,General,General
855,Task,General,General
856,Task,General,General
856A,Task,General,General
857,Task,General,General
858A,Task,General,General
858B,Task,General,General
860A,Task,General,General
861,Task,General,General
862,Task,General,General
863,Task,General,General
863A,Task,General,General
864A,Task,General,General
865,Task,General,General
866,Task,General,General
868,Task,General,General
868A,Task,General,General
869,Task,General,General
870,Task,General,General
871,Task,General,General
874,Task,General,General
876,Task,General,General
877A,Task,General,General
878,Task,General,General
879,Task,General,General
880A,Task,General,General
880B,Task,General,General
882,Task,General,General
882A,Task,General,General
885,Task,General,General
919,Task,General,General
925,Task,General,General
927A,Task,General,General
934,Task,General,General
936,Task,General,General
938A,Task,General,General
939,Task,General,General
940A,Task,General,General
940B,Task,General,General
941A,Task,General,General
944,Task,General,General
947,Task,General,General
948,Task,General,General
949,Task,General,General
951,Task,General,General
955A,Task,General,General
955B,Task,General,General
956,Task,General,General
958,Task,General,General
959,Task,General,General
960,Task,General,General
961,Task,General,General
962,Task,General,General
963,Task,General,General
963A,Task,General,General
964,Task,General,General
969,Task,General,General
970A,Task,General,General
971,Task,General,General
972A,Task,General,General
994,Task,General,General
994A,Task,General,General
996A,Task,General,General
996B,Task,General,General
997,Task,General,General
998,Task,General,General
998A,Task,General,General
999,Task,General,General
999A,Task,General,General
999B,Task,General,General
999C,Task,General,General
1000,Task,General,General
1000A,Task,General,General
1000B,Task,General,General
1003,Task,General,General
1006,Task,General,General
1016,Task,General,General
1017,Task,General,General
1017A,Task,General,General
1018,Task,General,General
1027A,Task,General,General
1030,Task,General,General
1031,Task,General,General
1032,Task,General,General
1035,Task,General,General
1041,Task,General,General
1076,Task,General,General
1077,Task,General,General
1078A,Task,General,General
1079A,Task,General,General
1080A,Task,General,General
1081,Task,General,General
1082,Task,General,General
1083,Task,General,General
1084,Task,General,General
1085,Task,General,General
1103,Task,General,General
1104,Task,General,General
1105,Task,General,General
1107,Task,General,General
1108,Task,General,General
1109,Task,General,General
1110,Task,General,General
1111,Task,General,General
1112,Task,General,General
1113,Task,General,General
1143A,Task,General,General
1144,Task,General,General
1146,Task,General,General
1147A,Task,General,General
1148,Task,General,General
1148A,Task,General,General
1148B,Task,General,General
1149A,Task,General,General
1150A,Task,General,General
1151,Task,General,General
1151A,Task,General,General
1152,Task,General,General
1152A,Task,General,General
1153A,Task,General,General
1154,Task,General,General
1155,Task,General,General
2001,Task,General,General
2005,Task,General,General
2009,Task,General,General
2014,Task,General,General
2015,Task,General,General
2016,Task,General,General
2017,Task,General,General
2020,Task,General,General
2020A,Task,General,General
2021,Task,General,General
2028,Task,General,General
2029A,Task,General,General
2032,Task,General,General
2033,Task,General,General
2035,Task,General,General
2040,Task,General,General
2043,Task,General,General
2045,Task,General,General
2046,Task,General,General
2051,Task,General,General
2052,Task,General,General
2053,Task,General,General
2054,Task,General,General
2058,Task,General,General
2059,Task,General,General
2060,Task,General,General
2060A,Task,General,General
2061,Task,General,General
2062,Task,General,General
2063,Task,General,General
2064,Task,General,General
2066,Task,General,General
2068,Task,General,General
2070,Task,General,General
2072,Task,General,General
2073,Task,General,General
2075,Task,General,General
2076,Task,General,General
2081,Task,General,General
2082,Task,General,General
2087,Task,General,General
2088,Task,General,General
2089,Task,General,General
2090,Task,General,General
2091,Task,General,General
2093,Task,General,General
2095,Task,General,General
2096A,Task,General,General
2098,Task,General,General
2099,Task,General,General
2101,Task,General,General
2102,Task,General,General
2105,Task,General,General
2106,Task,General,General
2108,Task,General,General
2109,Task,General,General
2111,Task,General,General
2114,Task,General,General
2115,Task,General,General
2119,Task,General,General
2121,Task,General,General
2122,Task,General,General
2123,Task,General,General
2124,Task,General,General
2127,Task,General,General
2130,Task,General,General
2133,Task,General,General
2134,Task,General,General
2147,Task,General,General
2153,Task,General,General
2156,Task,General,General
2159,Task,General,General
2160,Task,General,General
2162,Task,General,General
2163,Task,General,General
2165,Task,General,General
2167,Task,General,General
2170,Task,General,General
2172,Task,General,General
2179,Task,General,General
2180,Task,General,General
2181,Task,General,General
2183,Task,General,General
2185,Task,General,General
2186,Task,General,General
2187,Task,General,General
2192,Task,General,General
2194,Task,General,General
2195,Task,General,General
2205,Task,General,General
2214,Task,General,General
2226,Task,General,General
2232,Task,General,General
2233,Task,General,General
2235,Task,General,General
2236,Task,General,General
2237,Task,General,General
2239,Task,General,General
2243,Task,General,General
2245,Task,General,General
2248,Task,General,General
2249,Task,General,General
2251,Task,General,General
2253,Task,General,General
2265,Task,General,General
2266,Task,General,General
2267,Task,General,General
2271,Task,General,General
2272,Task,General,General
2276,Task,General,General
2288,Task,General,General
2289,Task,General,General
2290,Task,General,General
2292,Task,General,General
2294,Task,General,General
2295,Task,General,General
2296,Task,General,General
2299,Task,General,General
2300,Task,General,General
2301,Task,General,General
2303,Task,General,General
2304,Task,General,General
2306,Task,General,General
2308,Task,General,General
2309,Task,General,General
2310,Task,General,General
2311,Task,General,General
2322,Task,General,General
2327,Task,General,General
2328,Task,General,General
2331,Task,General,General
2335,Task,General,General
2341,Task,General,General
2342,Task,General,General
2343,Task,General,General
2347,Task,General,General
2352,Task,General,General
2353,Task,General,General
2354,Task,General,General
2356,Task,General,General
2365,Task,General,General
2368,Task,General,General
2373,Task,General,General
2375,Task,General,General
2376,Task,General,General
2378,Task,General,General
2379,Task,General,General
2379A,Task,General,General
2379B,Task,General,General
2382,Task,General,General
2384,Task,General,General
2386,Task,General,General
2388,Task,General,General
2390,Task,General,General
2392,Task,General,General
2393,Task,General,General
2397,Task,General,General
2398,Task,General,General
2400,Task,General,General
2408,Task,General,General
2412,Task,General,General
2414,Task,General,General
2416,Task,General,General
2417,Task,General,General
2419,Task,General,General
2420,Task,General,General
2421,Task,General,General
2422,Task,General,General
2424,Task,General,General
2425,Task,General,General
2427,Task,General,General
2429,Task,General,General
2434,Task,General,General
2435,Task,General,General
2441,Task,General,General
2442,Task,General,General
2443,Task,General,General
2446,Task,General,General
2451,Task,General,General
2453,Task,General,General
2456,Task,General,General
2458,Task,General,General
2459,Task,General,General
2459A,Task,General,General
2461,Task,General,General
2464,Task,General,General
2469,Task,General,General
2475,Task,General,General
2477,Task,General,General
2479,Task,General,General
2484,Task,General,General
2490,Task,General,General
2509,Task,General,General
2513,Task,General,General
2514,Task,General,General
2515,Task,General,General
2524,Task,General,General
2528,Task,General,General
2529,Task,General,General
2532,Task,General,General
2534,Task,General,General
2538,Task,General,General
2541,Task,General,General
2542,Task,General,General
2549,Task,General,General
2558,Task,General,General
2559,Task,General,General
2561,Task,General,General
2562,Task,General,General
2564,Task,General,General
2565,Task,General,General
2568,Task,General,General
2587,Task,General,General
2590,Task,General,General
2593,Task,General,General
2594,Task,General,General
2597,Task,General,General
2602,Task,General,General
2603,Task,General,General
2604,Task,General,General
2608,Task,General,General
2609,Task,General,General
2611,Task,General,General
2612,Task,General,General
2613,Task,General,General
2617,Task,General,General
2618,Task,General,General
2619,Task,General,General
2621,Task,General,General
2624,Task,General,General
2624A,Task,General,General
2626,Task,General,General
2628,Task,General,General
2628A,Task,General,General
2630,Task,General,General
2639,Task,General,General
2660,Task,General,General
2677,Task,General,General
2685,Task,General,General
2685A,Task,General,General
2692,Task,General,General
2702,Task,General,General
2705,Task,General,General
2708,Task,General,General
2714,Task,General,General
2715,Task,General,General
2716,Task,General,General
2718,Task,General,General
2719,Task,General,General
2726,Task,General,General
2727,Task,General,General
2728,Task,General,General
2730,Task,General,General
2735,Task,General,General
2736,Task,General,General
2738,Task,General,General
2745,Task,General,General
2746,Task,General,General
2747,Task,General,General
2748,Task,General,General
2749,Task,General,General
2752,Task,General,General
2754,Task,General,General
2757,Task,General,General
2760,Task,General,General
2761,Task,General,General
2762,Task,General,General
2767,Task,General,General
2768,Task,General,General
2770,Task,General,General
2771,Task,General,General
2772,Task,General,General
2778,Task,General,General
2779,Task,General,General
2781,Task,General,General
2783,Task,General,General
2789,Task,General,General
2793,Task,General,General
2798,Task,General,General
2806,Task,General,General
2807,Task,General,General
2809,Task,General,General
2810,Task,General,General
2812,Task,General,General
2816,Task,General,General
2817,Task,General,General
2818,Task,General,General
2819,Task,General,General
2822,Task,General,General
2823,Task,General,General
2827,Task,General,General
2828,Task,General,General
2829,Task,General,General
2835,Task,General,General
2837,Task,General,General
2839,Task,General,General
2840,Task,General,General
2843,Task,General,General
2844,Task,General,General
2845,Task,General,General
2846,Task,General,General
2849,Task,General,General
2856,Task,General,General
2857,Task,General,General
2867,Task,General,General
2875,Task,General,General
2881,Task,General,General
2882,Task,General,General
2887,Task,General,General
2888,Task,General,General
2890,Task,General,General
2891,Task,General,General
2893,Task,General,General
2894,Task,General,General
2896,Task,General,General
2897,Task,General,General
2901,Task,General,General
2902,Task,General,General
2904,Task,General,General
2905,Task,General,General
2906,Task,General,General
2909,Task,General,General
2910,Task,General,General
2912,Task,General,General
2916,Task,General,General
2919,Task,General,General
2921,Task,General,General
2922,Task,General,General
2923,Task,General,General
2924,Task,General,General
2925,Task,General,General
2927,Task,General,General
2930,Task,General,General
2931,Task,General,General
5000,Task,General,General
5010,Task,General,General
5020,Task,General,General
5030,Task,General,General
5040,Task,General,General
5050,Task,General,General
5060,Task,General,General
5070,Task,General,General
5080,Task,General,General
5090,Task,General,General
5100,Task,General,General
5110,Task,General,General
5120,Task,General,General
5130,Task,General,General
5140,Task,General,General
5150,Task,General,General
5160,Task,General,General
5170,Task,General,General
5180,Task,General,General
5190,Task,General,General
5200,Task,General,General
5200A,Task,General,General
5210,Task,General,General
5220,Task,General,General
5230,Task,General,General
5240,Task,General,General
5250,Task,General,General
5260,Task,General,General
5270,Task,General,General
5280,Task,General,General
5290,Task,General,General
5300,Task,General,General
5310,Task,General,General
5320,Task,General,General
5330,Task,General,General
5330A,Task,General,General
5340,Task,General,General
5350,Task,General,General
5360,Task,General,General
5370,Task,General,General
5380,Task,General,General
5380A,Task,General,General
5400,Task,General,General
5410,Task,General,General
5420,Task,General,General
5430,Task,General,General
5440,Task,General,General
5550,Task,General,General
5560,Task,General,General
5570,Task,General,General
5580,Task,General,General
5590,Task,General,General
5600,Task,General,General
5610,Task,General,General
5620,Task,General,General
5630,Task,General,General
5640,Task,General,General
5650,Task,General,General
5660,Task,General,General
5670,Task,General,General
5690,Task,General,General
5700,Task,General,General
5720,Task,General,General
5730,Task,General,General
5740,Task,General,General
5760,Task,General,General
5761,Task,General,General
5762,Task,General,General
5763,Task,General,General
5764,Task,General,General
5765,Task,General,General
5766,Task,General,General
5767,Task,General,General
5768,Task,General,General
5769,Task,General,General
5770,Task,General,General
5771,Task,General,General
5772,Task,General,General
5773,Task,General,General
5774,Task,General,General
5775,Task,General,General
5776,Task,General,General
5777,Task,General,General
5778,Task,General,General
5779,Task,General,General
5780,Task,General,General
5781,Task,General,General
5782,Task,General,General
5783,Task,General,General
5784,Task,General,General
5785,Task,General,General
5786,Task,General,General
5787,Task,General,General
5788,Task,General,General
5789,Task,General,General
5790,Task,General,General
5791,Task,General,General
5792,Task,General,General
5793,Task,General,General
5794,Task,General,General
5795,Task,General,General
5796,Task,General,General
5797,Task,General,General
5798,Task,General,General
5799,Task,General,General
5800,Task,General,General
5801,Task,General,General
5802,Task,General,General
5803,Task,General,General
5804,Task,General,General
5805,Task,General,General
5806,Task,General,General
5807,Task,General,General
5808,Task,General,General
5809,Task,General,General
5810,Task,General,General
5811,Task,General,General
5812,Task,General,General
5813,Task,General,General
5814,Task,General,General
5815,Task,General,General
5816,Task,General,General
5817,Task,General,General
5818,Task,General,General
5819,Task,General,General
5820,Task,General,General
5821,Task,General,General
5822,Task,General,General
5823,Task,General,General
5824,Task,General,General
5825,Task,General,General
5826,Task,General,General
5827,Task,General,General
5828,Task,General,General
5829,Task,General,General
5830,Task,General,General
5831,Task,General,General
5832,Task,General,General
5833,Task,General,General
5834,Task,General,General
5835,Task,General,General
5836,Task,General,General
5837,Task,General,General
5838,Task,General,General
5839,Task,General,General
5840,Task,General,General
5841,Task,General,General
5842,Task,General,General
5843,Task,General,General
5844,Task,General,General
5845,Task,General,General
5846,Task,General,General
5847,Task,General,General
5848,Task,General,General
5849,Task,General,General
5850,Task,General,General
5851,Task,General,General
5852,Task,General,General
5853,Task,General,General
5854,Task,General,General
5855,Task,General,General
5856,Task,General,General
5857,Task,General,General
5858,Task,General,General
5859,Task,General,General
5860,Task,General,General
5861,Task,General,General
5862,Task,General,General
5863,Task,General,General
5864,Task,General,General
5865,Task,General,General
5866,Task,General,General
5866A,Task,General,General
5867,Task,General,General
5868,Task,General,General
5869,Task,General,General
5870,Task,General,General
5871,Task,General,General
5872,Task,General,General
5873,Task,General,General
5874,Task,General,General
5875,Task,General,General
5876,Task,General,General
5877,Task,General,General
5877A,Task,General,General
5878,Task,General,General
5879,Task,General,General
5880,Task,General,General
5881,Task,General,General
5882,Task,General,General
5883,Task,General,General
5884,Task,General,General
5885,Task,General,General
5886,Task,General,General
5887,Task,General,General
5888,Task,General,General
5889,Task,General,General
5890,Task,General,General
5891,Task,General,General
5892,Task,General,General
5893,Task,General,General
5894,Task,General,General
5895,Task,General,General
5896,Task,General,General
5897,Task,General,General
5898,Task,General,General
5899,Task,General,General
5900,Task,General,General
5901,Task,General,General
5902,Task,General,General
5903,Task,General,General
5904,Task,General,General
5905,Task,General,General
5906,Task,General,General
5907,Task,General,General
5908,Task,General,General
5909,Task,General,General
5910,Task,General,General
5910A,Task,General,General
5911,Task,General,General
5912,Task,General,General
5913,Task,General,General
5914,Task,General,General
5915,Task,General,General
5916,Task,General,General
5917,Task,General,General
5918,Task,General,General
5919,Task,General,General
5920,Task,General,General
5920A,Task,General,General
5921,Task,General,General
5922,Task,General,General
5923,Task,General,General
5924,Task,General,General
5925,Task,General,General
5926,Task,General,General
5927,Task,General,General
5928,Task,General,General
5929,Task,General,General
5930,Task,General,General
5931,Task,General,General
5932,Task,General,General
5933,Task,General,General
5934,Task,General,General
5935,Task,General,General
5936,Task,General,General
5937,Task,General,General
5938,Task,General,General
5939,Task,General,General
5940,Task,General,General
5941,Task,General,General
5942,Task,General,General
5943,Task,General,General
5944,Task,General,General
5945,Task,General,General
5946,Task,General,General
5947,Task,General,General
5948,Task,General,General
5949,Task,General,General
5950,Task,General,General
5951,Task,General,General
5953,Task,General,General
5954,Task,General,General
5955,Task,General,General
5956,Task,General,General
5957,Task,General,General
5958,Task,General,General
5959,Task,General,General
5960,Task,General,General
5961,Task,General,General
5962,Task,General,General
5963,Task,General,General
5964,Task,General,General
5965,Task,General,General
5966,Task,General,General
5967,Task,General,General
5968,Task,General,General
5969,Task,General,General
5970,Task,General,General
5971,Task,General,General
5972,Task,General,General
5973,Task,General,General
5974,Task,General,General
6190,Task,General,General
6470,Task,General,General
6470A,Task,General,General
6780,Task,General,General
6790,Task,General,General
6790A,Task,General,General
7002,Task,General,General
8000,Task,General,General
8001,Task,General,General
8002,Task,General,General
8003,Task,General,General
8004,Task,General,General
8005,Task,General,General
8006,Task,General,General
8007,Task,General,General
8008,Task,General,General
8009,Task,General,General
8010,Task,General,General
8011,Task,General,General
8012,Task,General,General
8013,Task,General,General
8014,Task,General,General
8015,Task,General,General
8016,Task,General,General
8017,Task,General,General
8018,Task,General,General
8019,Task,General,General
8020,Task,General,General
8021,Task,General,General
8022,Task,General,General
8023,Task,General,General
8024,Task,General,General
8025,Task,General,General
8026,Task,General,General
8027,Task,General,General
8028,Task,General,General
8029,Task,General,General
8030,Task,General,General
8031,Task,General,General
8032,Task,General,General
8033,Task,General,General
8034,Task,General,General
8035,Task,General,General
8036,Task,General,General
8037,Task,General,General
8038,Task,General,General
8039,Task,General,General
8040,Task,General,General
8041,Task,General,General
8042,Task,General,General
8043,Task,General,General
8044,Task,General,General
8045,Task,General,General
8046,Task,General,General
8047,Task,General,General
8048,Task,General,General
8049,Task,General,General
8050,Task,General,General
8051,Task,General,General
8052,Task,General,General
8053,Task,General,General
8054,Task,General,General
8055,Task,General,General
8056,Task,General,General
8057,Task,General,General
8058,Task,General,General
8059,Task,General,General
8060,Task,General,General
8061,Task,General,General
8062,Task,General,General
8063,Task,General,General
8064,Task,General,General
8065,Task,General,General
8066,Task,General,General
8067,Task,General,General
8068,Task,General,General
8069,Task,General,General
8070,Task,General,General
8071,Task,General,General
8072,Task,General,General
8073,Task,General,General
8074,Task,General,General
8075,Task,General,General
8076,Task,General,General
8077,Task,General,General
8078,Task,General,General
8079,Task,General,General
8080,Task,General,General
8081,Task,General,General
8082,Task,General,General
8083,Task,General,General
8084,Task,General,General
8085,Task,General,General
8086,Task,General,General
8087,Task,General,General
8088,Task,General,General
8089,Task,General,General
8090,Task,General,General
8091,Task,General,General
8092,Task,General,General
8093,Task,General,General
8094,Task,General,General
8095,Task,General,General
8096,Task,General,General
8097,Task,General,General
8098,Task,General,General
8099,Task,General,General
8100,Task,General,General
8101,Task,General,General
8102,Task,General,General
8103,Task,General,General
8104,Task,General,General
8105,Task,General,General
8106,Task,General,General
8107,Task,General,General
8108,Task,General,General
8109,Task,General,General
8110,Task,General,General
8111,Task,General,General
8112,Task,General,General
8113,Task,General,General
8114,Task,General,General
8115,Task,General,General
8116,Task,General,General
8117,Task,General,General
8118,Task,General,General
8119,Task,General,General
8120,Task,General,General
8121,Task,General,General
8122,Task,General,General
8123,Task,General,General
8124,Task,General,General
8125,Task,General,General
8126,Task,General,General
8127,Task,General,General
8128,Task,General,General
8129,Task,General,General
8130,Task,General,General
8131,Task,General,General
8132,Task,General,General
8133,Task,General,General
8134,Task,General,General
8135,Task,General,General
8136,Task,General,General
8137,Task,General,General
8138,Task,General,General
8139,Task,General,General
8140,Task,General,General
8141,Task,General,General
8142,Task,General,General
8143,Task,General,General
8144,Task,General,General
8145,Task,General,General
8146,Task,General,General
8147,Task,General,General
8148,Task,General,General
8149,Task,General,General
8150,Task,General,General
8151,Task,General,General
8152,Task,General,General
8153,Task,General,General
8154,Task,General,General
8155,Task,General,General
8156,Task,General,General
8157,Task,General,General
8158,Task,General,General
8159,Task,General,General
8160,Task,General,General
8161,Task,General,General
8162,Task,General,General
8163,Task,General,General
8164,Task,General,General
8165,Task,General,General
8166,Task,General,General
8167,Task,General,General
8168,Task,General,General
8169,Task,General,General
8170,Task,General,General
8171,Task,General,General
8172,Task,General,General
8173,Task,General,General
8174,Task,General,General
8175,Task,General,General
8176,Task,General,General
8177,Task,General,General
8178,Task,General,General
8179,Task,General,General
8180,Task,General,General
8181,Task,General,General
8182,Task,General,General
8183,Task,General,General
8184,Task,General,General
8185,Task,General,General
8186,Task,General,General
8187,Task,General,General
8188,Task,General,General
8189,Task,General,General
8190,Task,General,General
8191,Task,General,General
8192,Task,General,General
8193,Task,General,General
8194,Task,General,General
8195,Task,General,General
8196,Task,General,General
8197,Task,General,General
8198,Task,General,General
8199,Task,General,General
8200,Task,General,General
8201,Task,General,General
8202,Task,General,General
8203,Task,General,General
8204,Task,General,General
8205,Task,General,General
8206,Task,General,General
8207,Task,General,General
8208,Task,General,General
8209,Task,General,General
8210,Task,General,General
8211,Task,General,General
8212,Task,General,General
8213,Task,General,General
8214,Task,General,General
8215,Task,General,General
8216,Task,General,General
8217,Task,General,General
8218,Task,General,General
8219,Task,General,General
8220,Task,General,General
8221,Task,General,General
8222,Task,General,General
8223,Task,General,General
8224,Task,General,General
8225,Task,General,General
8226,Task,General,General
3,KSA,General,General
3A,KSA,General,General
3B,KSA,General,General
3C,KSA,General,General
4,KSA,General,General
5,KSA,General,General
7A,KSA,General,General
8,KSA,General,General
8A,KSA,General,General
9,KSA,General,General
10,KSA,General,General
10A,KSA,General,General
12,KSA,General,General
15,KSA,General,General
15A,KSA,General,General
15B,KSA,General,General
16,KSA,General,General
19,KSA,General,General
20,KSA,General,General
21,KSA,General,General
21A,KSA,General,General
22,KSA,General,General
23,KSA,General,General
24,KSA,General,General
24A,KSA,General,General
25,KSA,General,General
25A,KSA,General,General
25B,KSA,General,General
27,KSA,General,General
27A,KSA,General,General
27B,KSA,General,General
28,KSA,General,General
29,KSA,General,General
31,KSA,General,General
32,KSA,General,General
33A,KSA,General,General
34,KSA,General,General
35,KSA,General,General
37,KSA,General,General
38,KSA,General,General
40,KSA,General,General
40A,KSA,General,General
41,KSA,General,General
41A,KSA,General,General
42,KSA,General,General
42A,KSA,General,General
43A,KSA,General,General
44,KSA,General,General
46,KSA,General,General
46A,KSA,General,General
49,KSA,General,General
50,KSA,General,General
51,KSA,General,General
52,KSA,General,General
53,KSA,General,General
53A,KSA,General,General
55,KSA,General,General
56,KSA,General,General
58,KSA,General,General
59A,KSA,General,General
60,KSA,General,General
61,KSA,General,General
62,KSA,General,General
63,KSA,General,General
63A,KSA,General,General
64,KSA,General,General
65A,KSA,General,General
66,KSA,General,General
68,KSA,General,General
68A,KSA,General,General
68B,KSA,General,General
69,KSA,General,General
69A,KSA,General,General
70,KSA,General,General
70A,KSA,General,General
70B,KSA,General,General
72,KSA,General,General
74,KSA,General,General
75,KSA,General,General
75A,KSA,General,General
75B,KSA,General,General
75C,KSA,General,General
76,KSA,General,General
76A,KSA,General,General
77,KSA,General,General
78,KSA,General,General
79,KSA,General,General
81A,KSA,General,General
82A,KSA,General,General
83,KSA,General,General
87,KSA,General,General
87A,KSA,General,General
88,KSA,General,General
88A,KSA,General,General
88B,KSA,General,General
90,KSA,General,General
92,KSA,General,General
92A,KSA,General,General
92B,KSA,General,General
93,KSA,General,General
94,KSA,General,General
95A,KSA,General,General
95B,KSA,General,General
96,KSA,General,General
98,KSA,General,General
99A,KSA,General,General
100,KSA,General,General
101,KSA,General,General
102,KSA,General,General
102A,KSA,General,General
104,KSA,General,General
105,KSA,General,General
106,KSA,General,General
107,KSA,General,General
108,KSA,General,General
108A,KSA,General,General
109,KSA,General,General
109A,KSA,General,General
110,KSA,General,General
110A,KSA,General,General
111,KSA,General,General
111A,KSA,General,General
112,KSA,General,General
112A,KSA,General,General
113,KSA,General,General
113A,KSA,General,General
114,KSA,General,General
114A,KSA,General,General
116,KSA,General,General
117,KSA,General,General
118,KSA,General,General
118A,KSA,General,General
119,KSA,General,General
120,KSA,General,General
121,KSA,General,General
124,KSA,General,General
124A,KSA,General,General
124B,KSA,General,General
126,KSA,General,General
127,KSA,General,General
128,KSA,General,General
129,KSA,General,General
129A,KSA,General,General
130,KSA,General,General
130A,KSA,General,General
132,KSA,General,General
132A,KSA,General,General
133,KSA,General,General
134,KSA,General,General
135,KSA,General,General
136,KSA,General,General
137,KSA,General,General
138,KSA,General,General
139,KSA,General,General
141,KSA,General,General
141A,KSA,General,General
142A,KSA,General,General
143,KSA,General,General
143A,KSA,General,General
144,KSA,General,General
144A,KSA,General,General
145,KSA,General,General
145A,KSA,General,General
148,KSA,General,General
149,KSA,General,General
150,KSA,General,General
152,KSA,General,General
153,KSA,General,General
154,KSA,General,General
155,KSA,General,General
156,KSA,General,General
156A,KSA,General,General
157,KSA,General,General
158,KSA,General,General
160,KSA,General,General
160A,KSA,General,General
162,KSA,General,General
163,KSA,General,General
164,KSA,General,General
165A,KSA,General,General
166,KSA,General,General
167A,KSA,General,General
168,KSA,General,General
169,KSA,General,General
170,KSA,General,General
171A,KSA,General,General
172,KSA,General,General
173,KSA,General,General
173A,KSA,General,General
173B,KSA,General,General
174,KSA,General,General
175,KSA,General,General
176,KSA,General,General
177,KSA,General,General
177A,KSA,General,General
177B,KSA,General,General
179,KSA,General,General
179A,KSA,General,General
179B,KSA,General,General
180,KSA,General,General
180A,KSA,General,General
181A,KSA,General,General
181B,KSA,General,General
182,KSA,General,General
183,KSA,General,General
183A,KSA,General,General
185A,KSA,General,General
186,KSA,General,General
187,KSA,General,General
190,KSA,General,General
191,KSA,General,General
191A,KSA,General,General
193,KSA,General,General
193A,KSA,General,General
194,KSA,General,General
195A,KSA,General,General
197,KSA,General,General
197A,KSA,General,General
198,KSA,General,General
199,KSA,General,General
201,KSA,General,General
202A,KSA,General,General
203,KSA,General,General
204,KSA,General,General
205,KSA,General,General
206A,KSA,General,General
207,KSA,General,General
208,KSA,General,General
209,KSA,General,General
210,KSA,General,General
211A,KSA,General,General
212A,KSA,General,General
213,KSA,General,General
214,KSA,General,General
214A,KSA,General,General
214B,KSA,General,General
216A,KSA,General,General
217,KSA,General,General
219A,KSA,General,General
220,KSA,General,General
221A,KSA,General,General
222B,KSA,General,General
223,KSA,General,General
224,KSA,General,General
224A,KSA,General,General
225,KSA,General,General
225A,KSA,General,General
225B,KSA,General,General
226,KSA,General,General
227,KSA,General,General
229,KSA,General,General
230,KSA,General,General
231,KSA,General,General
231A,KSA,General,General
233,KSA,General,General
234A,KSA,General,General
234B,KSA,General,General
235,KSA,General,General
237,KSA,General,General
238A,KSA,General,General
239,KSA,General,General
244,KSA,General,General
244A,KSA,General,General
246A,KSA,General,General
252,KSA,General,General
261,KSA,General,General
264,KSA,General,General
264A,KSA,General,General
270,KSA,General,General
271,KSA,General,General
271B,KSA,General,General
277,KSA,General,General
278,KSA,General,General
281,KSA,General,General
282,KSA,General,General
282A,KSA,General,General
286,KSA,General,General
287,KSA,General,General
290,KSA,General,General
294,KSA,General,General
294A,KSA,General,General
296,KSA,General,General
297A,KSA,General,General
299,KSA,General,General
300A,KSA,General,General
302,KSA,General,General
310,KSA,General,General
314,KSA,General,General
316,KSA,General,General
320A,KSA,General,General
321A,KSA,General,General
325,KSA,General,General
325A,KSA,General,General
332,KSA,General,General
332A,KSA,General,General
336,KSA,General,General
338A,KSA,General,General
339A,KSA,General,General
340,KSA,General,General
342,KSA,General,General
342A,KSA,General,General
344,KSA,General,General
345,KSA,General,General
346,KSA,General,General
347A,KSA,General,General
350,KSA,General,General
353,KSA,General,General
359,KSA,General,General
360,KSA,General,General
363,KSA,General,General
363A,KSA,General,General
363B,KSA,General,General
364,KSA,General,General
369,KSA,General,General
374,KSA,General,General
376,KSA,General,General
381,KSA,General,General
383,KSA,General,General
386,KSA,General,General
389,KSA,General,General
888,KSA,General,General
889,KSA,General,General
890,KSA,General,General
891A,KSA,General,General
892,KSA,General,General
893,KSA,General,General
895,KSA,General,General
896,KSA,General,General
897,KSA,General,General
897A,KSA,General,General
900,KSA,General,General
901,KSA,General,General
901A,KSA,General,General
902,KSA,General,General
903,KSA,General,General
904,KSA,General,General
904A,KSA,General,General
905,KSA,General,General
905A,KSA,General,General
907A,KSA,General,General
908,KSA,General,General
910,KSA,General,General
911A,KSA,General,General
912,KSA,General,General
915,KSA,General,General
917,KSA,General,General
918,KSA,General,General
922,KSA,General,General
922A,KSA,General,General
922B,KSA,General,General
923,KSA,General,General
923A,KSA,General,General
942,KSA,General,General
950,KSA,General,General
952,KSA,General,General
954,KSA,General,General
954A,KSA,General,General
965,KSA,General,General
966,KSA,General,General
967,KSA,General,General
968,KSA,General,General
973A,KSA,General,General
974,KSA,General,General
975,KSA,General,General
976,KSA,General,General
978A,KSA,General,General
979,KSA,General,General
980A,KSA,General,General
982,KSA,General,General
983,KSA,General,General
984,KSA,General,General
985,KSA,General,General
986,KSA,General,General
989,KSA,General,General
990,KSA,General,General
991,KSA,General,General
992,KSA,General,General
992A,KSA,General,General
992B,KSA,General,General
992C,KSA,General,General
993A,KSA,General,General
1002,KSA,General,General
1002A,KSA,General,General
1002B,KSA,General,General
1004,KSA,General,General
1004A,KSA,General,General
1005,KSA,General,General
1012A,KSA,General,General
1020A,KSA,General,General
1021,KSA,General,General
1021A,KSA,General,General
1029A,KSA,General,General
1033,KSA,General,General
1034A,KSA,General,General
1034B,KSA,General,General
1034C,KSA,General,General
1036,KSA,General,General
1037,KSA,General,General
1037A,KSA,General,General
1037B,KSA,General,General
1038,KSA,General,General
1038A,KSA,General,General
1038B,KSA,General,General
1039,KSA,General,General
1039A,KSA,General,General
1039B,KSA,General,General
1040A,KSA,General,General
1044A,KSA,General,General
1052A,KSA,General,General
1054,KSA,General,General
1055,KSA,General,General
1056,KSA,General,General
1059,KSA,General,General
1061A,KSA,General,General
1062,KSA,General,General
1063A,KSA,General,General
1064,KSA,General,General
1067A,KSA,General,General
1069,KSA,General,General
1069A,KSA,General,General
1070A,KSA,General,General
1071,KSA,General,General
1071A,KSA,General,General
1072,KSA,General,General
1072A,KSA,General,General
1073,KSA,General,General
1073A,KSA,General,General
1074A,KSA,General,General
1086,KSA,General,General
1087,KSA,General,General
1088,KSA,General,General
1089,KSA,General,General
1091,KSA,General,General
1092,KSA,General,General
1093,KSA,General,General
1094,KSA,General,General
1095,KSA,General,General
1096,KSA,General,General
1097,KSA,General,General
1098,KSA,General,General
1099,KSA,General,General
1100,KSA,General,General
1101,KSA,General,General
1114,KSA,General,General
1115,KSA,General,General
1116,KSA,General,General
1118,KSA,General,General
1119,KSA,General,General
1120,KSA,General,General
1121,KSA,General,General
1122,KSA,General,General
1123A,KSA,General,General
1124,KSA,General,General
1124A,KSA,General,General
1125,KSA,General,General
1126,KSA,General,General
1127,KSA,General,General
1128,KSA,General,General
1128A,KSA,General,General
1130,KSA,General,General
1131,KSA,General,General
1132A,KSA,General,General
1133,KSA,General,General
1134,KSA,General,General
1135,KSA,General,General
1136A,KSA,General,General
1138A,KSA,General,General
1139A,KSA,General,General
1140A,KSA,General,General
1141A,KSA,General,General
1142,KSA,General,General
1142A,KSA,General,General
1142B,KSA,General,General
1157,KSA,General,General
1157A,KSA,General,General
1158,KSA,General,General
1159,KSA,General,General
2530,KSA,General,General
2531,KSA,General,General
3001,KSA,General,General
3002,KSA,General,General
3003,KSA,General,General
3007,KSA,General,General
3009,KSA,General,General
3010,KSA,General,General
3011,KSA,General,General
3015,KSA,General,General
3016,KSA,General,General
3019,KSA,General,General
3020,KSA,General,General
3021,KSA,General,General
3022,KSA,General,General
3024,KSA,General,General
3030,KSA,General,General
3033,KSA,General,General
3039,KSA,General,General
3040,KSA,General,General
3041,KSA,General,General
3042,KSA,General,General
3043,KSA,General,General
3044,KSA,General,General
3046,KSA,General,General
3047,KSA,General,General
3048,KSA,General,General
3049,KSA,General,General
3052,KSA,General,General
3054,KSA,General,General
3055A,KSA,General,General
3055B,KSA,General,General
3057,KSA,General,General
3059,KSA,General,General
3060,KSA,General,General
3063,KSA,General,General
3066,KSA,General,General
3068,KSA,General,General
3069,KSA,General,General
3070,KSA,General,General
3073,KSA,General,General
3074,KSA,General,General
3076,KSA,General,General
3077,KSA,General,General
3078,KSA,General,General
3078A,KSA,General,General
3079,KSA,General,General
3080,KSA,General,General
3081,KSA,General,General
3092,KSA,General,General
3095,KSA,General,General
3098,KSA,General,General
3101,KSA,General,General
3102,KSA,General,General
3103,KSA,General,General
3103A,KSA,General,General
3106,KSA,General,General
3107,KSA,General,General
3113,KSA,General,General
3114,KSA,General,General
3116,KSA,General,General
3117,KSA,General,General
3125,KSA,General,General
3126,KSA,General,General
3127,KSA,General,General
3128,KSA,General,General
3129,KSA,General,General
3130,KSA,General,General
3131,KSA,General,General
3133,KSA,General,General
3135,KSA,General,General
3137,KSA,General,General
3139,KSA,General,General
3140,KSA,General,General
3141,KSA,General,General
3143,KSA,General,General
3144,KSA,General,General
3146,KSA,General,General
3148,KSA,General,General
3150,KSA,General,General
3153,KSA,General,General
3154,KSA,General,General
3155,KSA,General,General
3156,KSA,General,General
3158,KSA,General,General
3159,KSA,General,General
3160,KSA,General,General
3161,KSA,General,General
3162,KSA,General,General
3165,KSA,General,General
3166,KSA,General,General
3172,KSA,General,General
3173,KSA,General,General
3174,KSA,General,General
3175,KSA,General,General
3177,KSA,General,General
3179,KSA,General,General
3181,KSA,General,General
3186,KSA,General,General
3188,KSA,General,General
3191,KSA,General,General
3192,KSA,General,General
3194,KSA,General,General
3195,KSA,General,General
3197,KSA,General,General
3201,KSA,General,General
3204,KSA,General,General
3205,KSA,General,General
3206,KSA,General,General
3210,KSA,General,General
3211,KSA,General,General
3215,KSA,General,General
3217,KSA,General,General
3218,KSA,General,General
3219,KSA,General,General
3222,KSA,General,General
3225,KSA,General,General
3226,KSA,General,General
3234,KSA,General,General
3235,KSA,General,General
3237,KSA,General,General
3242,KSA,General,General
3246,KSA,General,General
3250,KSA,General,General
3253,KSA,General,General
3254,KSA,General,General
3256,KSA,General,General
3257,KSA,General,General
3259,KSA,General,General
3261,KSA,General,General
3262,KSA,General,General
3264,KSA,General,General
3267,KSA,General,General
3267A,KSA,General,General
3268,KSA,General,General
3270,KSA,General,General
3271,KSA,General,General
3274,KSA,General,General
3275,KSA,General,General
3277,KSA,General,General
3280,KSA,General,General
3281,KSA,General,General
3286,KSA,General,General
3287,KSA,General,General
3288,KSA,General,General
3289,KSA,General,General
3291,KSA,General,General
3292,KSA,General,General
3293,KSA,General,General
3296,KSA,General,General
3297,KSA,General,General
3298,KSA,General,General
3307,KSA,General,General
3311,KSA,General,General
3317,KSA,General,General
3322,KSA,General,General
3324,KSA,General,General
3325,KSA,General,General
3326,KSA,General,General
3330,KSA,General,General
3332,KSA,General,General
3334,KSA,General,General
3335,KSA,General,General
3336,KSA,General,General
3337,KSA,General,General
3338,KSA,General,General
3340,KSA,General,General
3342,KSA,General,General
3343,KSA,General,General
3346,KSA,General,General
3348,KSA,General,General
3349,KSA,General,General
3353,KSA,General,General
3356,KSA,General,General
3358,KSA,General,General
3360,KSA,General,General
3361,KSA,General,General
3362,KSA,General,General
3362A,KSA,General,General
3364,KSA,General,General
3365,KSA,General,General
3366,KSA,General,General
3367,KSA,General,General
3368,KSA,General,General
3372,KSA,General,General
3374,KSA,General,General
3378,KSA,General,General
3380,KSA,General,General
3382,KSA,General,General
3386,KSA,General,General
3388,KSA,General,General
3389,KSA,General,General
3391,KSA,General,General
3395,KSA,General,General
3397,KSA,General,General
3399,KSA,General,General
3402,KSA,General,General
3407,KSA,General,General
3410,KSA,General,General
3417,KSA,General,General
3418,KSA,General,General
3419,KSA,General,General
3420,KSA,General,General
3424,KSA,General,General
3428,KSA,General,General
3430,KSA,General,General
3431,KSA,General,General
3432,KSA,General,General
3436,KSA,General,General
3441,KSA,General,General
3443,KSA,General,General
3444,KSA,General,General
3445,KSA,General,General
3446,KSA,General,General
3450,KSA,General,General
3454,KSA,General,General
3459,KSA,General,General
3460,KSA,General,General
3461,KSA,General,General
3463,KSA,General,General
3464,KSA,General,General
3470,KSA,General,General
3473,KSA,General,General
3474,KSA,General,General
3479,KSA,General,General
3480,KSA,General,General
3489,KSA,General,General
3504,KSA,General,General
3505,KSA,General,General
3508,KSA,General,General
3513,KSA,General,General
3525,KSA,General,General
3527,KSA,General,General
3528,KSA,General,General
3529,KSA,General,General
3530,KSA,General,General
3533,KSA,General,General
3534,KSA,General,General
3535,KSA,General,General
3539,KSA,General,General
3541,KSA,General,General
3542,KSA,General,General
3543,KSA,General,General
3545,KSA,General,General
3549,KSA,General,General
3552,KSA,General,General
3554,KSA,General,General
3556,KSA,General,General
3557,KSA,General,General
3558,KSA,General,General
3560,KSA,General,General
3561,KSA,General,General
3564,KSA,General,General
3568,KSA,General,General
3570,KSA,General,General
3571,KSA,General,General
3572,KSA,General,General
3574,KSA,General,General
3575,KSA,General,General
3578,KSA,General,General
3579,KSA,General,General
3582,KSA,General,General
3584,KSA,General,General
3585,KSA,General,General
3587,KSA,General,General
3588,KSA,General,General
3591,KSA,General,General
3593,KSA,General,General
3595,KSA,General,General
3598,KSA,General,General
3599,KSA,General,General
3601,KSA,General,General
3602,KSA,General,General
3603,KSA,General,General
3604,KSA,General,General
3605,KSA,General,General
3606,KSA,General,General
3607,KSA,General,General
3608,KSA,General,General
3609,KSA,General,General
3610,KSA,General,General
3611,KSA,General,General
3613,KSA,General,General
3615,KSA,General,General
3616,KSA,General,General
3617,KSA,General,General
3619,KSA,General,General
3622,KSA,General,General
3624,KSA,General,General
3625,KSA,General,General
3626,KSA,General,General
3627,KSA,General,General
3629,KSA,General,General
3630,KSA,General,General
3631,KSA,General,General
3633,KSA,General,General
3637,KSA,General,General
3638,KSA,General,General
3639,KSA,General,General
3642,KSA,General,General
3644,KSA,General,General
3650,KSA,General,General
3651,KSA,General,General
3654,KSA,General,General
3658,KSA,General,General
3658A,KSA,General,General
3658B,KSA,General,General
3659,KSA,General,General
3663,KSA,General,General
3664,KSA,General,General
3665,KSA,General,General
3667,KSA,General,General
3670,KSA,General,General
3671,KSA,General,General
3674,KSA,General,General
3677,KSA,General,General
3678,KSA,General,General
3681,KSA,General,General
3685,KSA,General,General
3687,KSA,General,General
3689,KSA,General,General
3690,KSA,General,General
3691,KSA,General,General
3692,KSA,General,General
3695,KSA,General,General
3699,KSA,General,General
3704,KSA,General,General
3708,KSA,General,General
3708A,KSA,General,General
3715,KSA,General,General
3718,KSA,General,General
3718A,KSA,General,General
3722,KSA,General,General
3724,KSA,General,General
3726,KSA,General,General
3734,KSA,General,General
3737,KSA,General,General
3740,KSA,General,General
3741,KSA,General,General
3742,KSA,General,General
3747,KSA,General,General
3749,KSA,General,General
3756,KSA,General,General
3765,KSA,General,General
3766,KSA,General,General
3770,KSA,General,General
3771,KSA,General,General
3772,KSA,General,General
3773,KSA,General,General
3774,KSA,General,General
3777,KSA,General,General
3778,KSA,General,General
3779,KSA,General,General
3787,KSA,General,General
3788,KSA,General,General
3793,KSA,General,General
3794,KSA,General,General
3797,KSA,General,General
3801,KSA,General,General
3803,KSA,General,General
3810,KSA,General,General
3812,KSA,General,General
3814,KSA,General,General
3815,KSA,General,General
3816,KSA,General,General
3817,KSA,General,General
3818,KSA,General,General
3822,KSA,General,General
3822A,KSA,General,General
3828,KSA,General,General
3831,KSA,General,General
3837,KSA,General,General
3842,KSA,General,General
3844,KSA,General,General
3845,KSA,General,General
3848,KSA,General,General
3851,KSA,General,General
3853,KSA,General,General
3859,KSA,General,General
3859A,KSA,General,General
3860,KSA,General,General
3861,KSA,General,General
3863,KSA,General,General
3864,KSA,General,General
3865,KSA,General,General
3866,KSA,General,General
3867,KSA,General,General
3867A,KSA,General,General
3871,KSA,General,General
3873,KSA,General,General
3874,KSA,General,General
3876,KSA,General,General
3877,KSA,General,General
3878,KSA,General,General
3879,KSA,General,General
3880,KSA,General,General
3883,KSA,General,General
3885,KSA,General,General
3889,KSA,General,General
3890,KSA,General,General
3893,KSA,General,General
3894,KSA,General,General
3895,KSA,General,General
3897,KSA,General,General
3899,KSA,General,General
3907,KSA,General,General
3908,KSA,General,General
3910,KSA,General,General
3913,KSA,General,General
3915,KSA,General,General
3920,KSA,General,General
3921,KSA,General,General
3923,KSA,General,General
3929,KSA,General,General
3929A,KSA,General,General
3931,KSA,General,General
3938,KSA,General,General
3942,KSA,General,General
3944,KSA,General,General
3946,KSA,General,General
3948,KSA,General,General
3949,KSA,General,General
3950,KSA,General,General
3951,KSA,General,General
3953,KSA,General,General
3953A,KSA,General,General
3957,KSA,General,General
3960,KSA,General,General
3964,KSA,General,General
3965,KSA,General,General
3966,KSA,General,General
3967,KSA,General,General
3971,KSA,General,General
3974,KSA,General,General
3976,KSA,General,General
3977,KSA,General,General
3978,KSA,General,General
3979,KSA,General,General
3985,KSA,General,General
3986,KSA,General,General
3987,KSA,General,General
3990,KSA,General,General
3991,KSA,General,General
3992,KSA,General,General
3994,KSA,General,General
3995,KSA,General,General
3996,KSA,General,General
3998,KSA,General,General
4000,KSA,General,General
4002,KSA,General,General
4004,KSA,General,General
4008,KSA,General,General
4012,KSA,General,General
4014,KSA,General,General
4016,KSA,General,General
4018,KSA,General,General
4019,KSA,General,General
4023,KSA,General,General
4024,KSA,General,General
4025,KSA,General,General
4026,KSA,General,General
4027,KSA,General,General
4028,KSA,General,General
4029,KSA,General,General
4032,KSA,General,General
4033,KSA,General,General
4041,KSA,General,General
4042,KSA,General,General
4044,KSA,General,General
4045,KSA,General,General
4049,KSA,General,General
4053,KSA,General,General
4055,KSA,General,General
4056,KSA,General,General
4057,KSA,General,General
4058,KSA,General,General
4059,KSA,General,General
4063,KSA,General,General
4065,KSA,General,General
4066,KSA,General,General
4072,KSA,General,General
4073,KSA,General,General
4078,KSA,General,General
4079,KSA,General,General
4085,KSA,General,General
4086,KSA,General,General
4087,KSA,General,General
4088,KSA,General,General
4089,KSA,General,General
4090,KSA,General,General
4094,KSA,General,General
4095,KSA,General,General
4097,KSA,General,General
4099,KSA,General,General
4105,KSA,General,General
4106,KSA,General,General
4108,KSA,General,General
4113,KSA,General,General
4116,KSA,General,General
4117,KSA,General,General
4118,KSA,General,General
4119,KSA,General,General
4121,KSA,General,General
4123,KSA,General,General
4124,KSA,General,General
4125,KSA,General,General
4128,KSA,General,General
4129,KSA,General,General
4133,KSA,General,General
4134,KSA,General,General
4135,KSA,General,General
4140,KSA,General,General
4141,KSA,General,General
4148,KSA,General,General
4149,KSA,General,General
4152,KSA,General,General
4160,KSA,General,General
4164,KSA,General,General
4165,KSA,General,General
4166,KSA,General,General
4167,KSA,General,General
4169,KSA,General,General
4170,KSA,General,General
4171,KSA,General,General
4172,KSA,General,General
4173,KSA,General,General
4174,KSA,General,General
4175,KSA,General,General
4176,KSA,General,General
4177,KSA,General,General
4178,KSA,General,General
4179,KSA,General,General
4180,KSA,General,General
4181,KSA,General,General
4182,KSA,General,General
4183,KSA,General,General
4184,KSA,General,General
4185,KSA,General,General
4186,KSA,General,General
4187,KSA,General,General
4188,KSA,General,General
4189,KSA,General,General
4190,KSA,General,General
4191,KSA,General,General
4192,KSA,General,General
4193,KSA,General,General
4194,KSA,General,General
4195,KSA,General,General
4196,KSA,General,General
4197,KSA,General,General
4198,KSA,General,General
4199,KSA,General,General
4200,KSA,General,General
4201,KSA,General,General
4202,KSA,General,General
4203,KSA,General,General
4204,KSA,General,General
4205,KSA,General,General
4206,KSA,General,General
4207,KSA,General,General
4208,KSA,General,General
4209,KSA,General,General
4210,KSA,General,General
4211,KSA,General,General
4212,KSA,General,General
4213,KSA,General,General
4214,KSA,General,General
4215,KSA,General,General
4216,KSA,General,General
4217,KSA,General,General
4218,KSA,General,General
4219,KSA,General,General
4220,KSA,General,General
4221,KSA,General,General
4222,KSA,General,General
4223,KSA,General,General
4224,KSA,General,General
4225,KSA,General,General
4226,KSA,General,General
4227,KSA,General,General
4228,KSA,General,General
4229,KSA,General,General
4230,KSA,General,General
4231,KSA,General,General
4232,KSA,General,General
4233,KSA,General,General
4234,KSA,General,General
4235,KSA,General,General
4236,KSA,General,General
4237,KSA,General,General
4238,KSA,General,General
4239,KSA,General,General
4240,KSA,General,General
4241,KSA,General,General
4242,KSA,General,General
4243,KSA,General,General
4244,KSA,General,General
4245,KSA,General,General
4246,KSA,General,General
4247,KSA,General,General
4248,KSA,General,General
4249,KSA,General,General
4250,KSA,General,General
4251,KSA,General,General
4252,KSA,General,General
4253,KSA,General,General
4254,KSA,General,General
4255,KSA,General,General
4256,KSA,General,General
4257,KSA,General,General
4258,KSA,General,General
4259,KSA,General,General
4260,KSA,General,General
4261,KSA,General,General
4262,KSA,General,General
4263,KSA,General,General
4264,KSA,General,General
4265,KSA,General,General
4266,KSA,General,General
4267,KSA,General,General
4268,KSA,General,General
4269,KSA,General,General
4270,KSA,General,General
4271,KSA,General,General
4272,KSA,General,General
4273,KSA,General,General
4274,KSA,General,General
4275,KSA,General,General
4276,KSA,General,General
4277,KSA,General,General
4278,KSA,General,General
4279,KSA,General,General
4280,KSA,General,General
4281,KSA,General,General
4282,KSA,General,General
4283,KSA,General,General
4284,KSA,General,General
4285,KSA,General,General
4286,KSA,General,General
4287,KSA,General,General
4288,KSA,General,General
4289,KSA,General,General
4290,KSA,General,General
4291,KSA,General,General
4292,KSA,General,General
4293,KSA,General,General
4294,KSA,General,General
4295,KSA,General,General
4296,KSA,General,General
4297,KSA,General,General
4298,KSA,General,General
4299,KSA,General,General
4300,KSA,General,General
4301,KSA,General,General
4302,KSA,General,General
4303,KSA,General,General
4304,KSA,General,General
4305,KSA,General,General
4306,KSA,General,General
4307,KSA,General,General
4308,KSA,General,General
4309,KSA,General,General
4310,KSA,General,General
4311,KSA,General,General
4312,KSA,General,General
4313,KSA,General,General
4314,KSA,General,General
4315,KSA,General,General
4316,KSA,General,General
4317,KSA,General,General
4318,KSA,General,General
4319,KSA,General,General
4320,KSA,General,General
4321,KSA,General,General
4322,KSA,General,General
4323,KSA,General,General
4324,KSA,General,General
4325,KSA,General,General
4326,KSA,General,General
4327,KSA,General,General
4328,KSA,General,General
4329,KSA,General,General
4330,KSA,General,General
4331,KSA,General,General
4332,KSA,General,General
4333,KSA,General,General
4334,KSA,General,General
4335,KSA,General,General
4336,KSA,General,General
4337,KSA,General,General
4338,KSA,General,General
4339,KSA,General,General
4340,KSA,General,General
4341,KSA,General,General
4342,KSA,General,General
4343,KSA,General,General
4344,KSA,General,General
4345,KSA,General,General
4346,KSA,General,General
4347,KSA,General,General
4348,KSA,General,General
4349,KSA,General,General
4350,KSA,General,General
4351,KSA,General,General
4352,KSA,General,General
4353,KSA,General,General
4354,KSA,General,General
4355,KSA,General,General
4356,KSA,General,General
4357,KSA,General,General
4358,KSA,General,General
4359,KSA,General,General
4360,KSA,General,General
4361,KSA,General,General
4362,KSA,General,General
4363,KSA,General,General
4364,KSA,General,General
4365,KSA,General,General
4366,KSA,General,General
4367,KSA,General,General
4368,KSA,General,General
4369,KSA,General,General
4370,KSA,General,General
4371,KSA,General,General
4372,KSA,General,General
4373,KSA,General,General
4374,KSA,General,General
4375,KSA,General,General
4376,KSA,General,General
4377,KSA,General,General
4378,KSA,General,General
4379,KSA,General,General
4380,KSA,General,General
4381,KSA,General,General
4382,KSA,General,General
4383,KSA,General,General
4384,KSA,General,General
4385,KSA,General,General
4386,KSA,General,General
4387,KSA,General,General
4388,KSA,General,General
4389,KSA,General,General
4390,KSA,General,General
4391,KSA,General,General
4392,KSA,General,General
4393,KSA,General,General
4394,KSA,General,General
4395,KSA,General,General
4396,KSA,General,General
4397,KSA,General,General
4398,KSA,General,General
4399,KSA,General,General
4400,KSA,General,General
4401,KSA,General,General
4402,KSA,General,General
4403,KSA,General,General
4404,KSA,General,General
4405,KSA,General,General
4406,KSA,General,General
4407,KSA,General,General
4408,KSA,General,General
4409,KSA,General,General
4410,KSA,General,General
4411,KSA,General,General
4412,KSA,General,General
4413,KSA,General,General
4414,KSA,General,General
4415,KSA,General,General
4416,KSA,General,General
4417,KSA,General,General
4418,KSA,General,General
4419,KSA,General,General
4420,KSA,General,General
4421,KSA,General,General
4422,KSA,General,General
4423,KSA,General,General
4424,KSA,General,General
4425,KSA,General,General
4426,KSA,General,General
4427,KSA,General,General
4428,KSA,General,General
4429,KSA,General,General
4430,KSA,General,General
4431,KSA,General,General
4432,KSA,General,General
4433,KSA,General,General
4434,KSA,General,General
4435,KSA,General,General
4436,KSA,General,General
4437,KSA,General,General
4438,KSA,General,General
4439,KSA,General,General
4440,KSA,General,General
4441,KSA,General,General
4442,KSA,General,General
4443,KSA,General,General
4444,KSA,General,General
4445,KSA,General,General
4446,KSA,General,General
4447,KSA,General,General
4448,KSA,General,General
4449,KSA,General,General
4450,KSA,General,General
4451,KSA,General,General
4452,KSA,General,General
4453,KSA,General,General
4454,KSA,General,General
4455,KSA,General,General
4456,KSA,General,General
4457,KSA,General,General
4458,KSA,General,General
4459,KSA,General,General
4460,KSA,General,General
4461,KSA,General,General
4462,KSA,General,General
4463,KSA,General,General
4464,KSA,General,General
4465,KSA,General,General
4466,KSA,General,General
4467,KSA,General,General
4468,KSA,General,General
4469,KSA,General,General
4470,KSA,General,General
4471,KSA,General,General
4472,KSA,General,General
4473,KSA,General,General
4474,KSA,General,General
4475,KSA,General,General
4476,KSA,General,General
4477,KSA,General,General
4478,KSA,General,General
4479,KSA,General,General
4480,KSA,General,General
4481,KSA,General,General
4482,KSA,General,General
4483,KSA,General,General
4484,KSA,General,General
4485,KSA,General,General
4486,KSA,General,General
4487,KSA,General,General
4488,KSA,General,General
4489,KSA,General,General
4490,KSA,General,General
4491,KSA,General,General
4492,KSA,General,General
4493,KSA,General,General
4494,KSA,General,General
4495,KSA,General,General
4496,KSA,General,General
4497,KSA,General,General
4498,KSA,General,General
4499,KSA,General,General
4500,KSA,General,General
4501,KSA,General,General
4502,KSA,General,General
4503,KSA,General,General
4504,KSA,General,General
4505,KSA,General,General
4506,KSA,General,General
4507,KSA,General,General
4508,KSA,General,General
4509,KSA,General,General
4510,KSA,General,General
4511,KSA,General,General
4512,KSA,General,General
4513,KSA,General,General
4514,KSA,General,General
4515,KSA,General,General
4516,KSA,General,General
4517,KSA,General,General
4518,KSA,General,General
4519,KSA,General,General
4520,KSA,General,General
4521,KSA,General,General
4522,KSA,General,General
4523,KSA,General,General
4524,KSA,General,General
4525,KSA,General,General
4526,KSA,General,General
4527,KSA,General,General
4528,KSA,General,General
4529,KSA,General,General
4530,KSA,General,General
4531,KSA,General,General
4532,KSA,General,General
4533,KSA,General,General
4534,KSA,General,General
4535,KSA,General,General
4536,KSA,General,General
4537,KSA,General,General
4538,KSA,General,General
4539,KSA,General,General
4540,KSA,General,General
4541,KSA,General,General
4542,KSA,General,General
4543,KSA,General,General
4544,KSA,General,General
4545,KSA,General,General
4546,KSA,General,General
4547,KSA,General,General
4548,KSA,General,General
4549,KSA,General,General
4550,KSA,General,General
4551,KSA,General,General
4552,KSA,General,General
4553,KSA,General,General
4554,KSA,General,General
4555,KSA,General,General
4556,KSA,General,General
4557,KSA,General,General
4558,KSA,General,General
4559,KSA,General,General
4560,KSA,General,General
4561,KSA,General,General
4562,KSA,General,General
4563,KSA,General,General
4564,KSA,General,General
4565,KSA,General,General
4566,KSA,General,General
4567,KSA,General,General
4568,KSA,General,General
4569,KSA,General,General
4570,KSA,General,General
4571,KSA,General,General
4572,KSA,General,General
4573,KSA,General,General
4574,KSA,General,General
4575,KSA,General,General
4576,KSA,General,General
4577,KSA,General,General
4578,KSA,General,General
4579,KSA,General,General
4580,KSA,General,General
4581,KSA,General,General
4582,KSA,General,General
4583,KSA,General,General
4584,KSA,General,General
4585,KSA,General,General
4586,KSA,General,General
4587,KSA,General,General
4588,KSA,General,General
4589,KSA,General,General
4590,KSA,General,General
4591,KSA,General,General
4592,KSA,General,General
4593,KSA,General,General
4594,KSA,General,General
4595,KSA,General,General
4596,KSA,General,General
4597,KSA,General,General
4598,KSA,General,General
4599,KSA,General,General
4600,KSA,General,General
4601,KSA,General,General
4602,KSA,General,General
4603,KSA,General,General
4604,KSA,General,General
4605,KSA,General,General
4606,KSA,General,General
4607,KSA,General,General
4608,KSA,General,General
4609,KSA,General,General
4610,KSA,General,General
4611,KSA,General,General
4612,KSA,General,General
4613,KSA,General,General
4614,KSA,General,General
4615,KSA,General,General
4616,KSA,General,General
4617,KSA,General,General
4618,KSA,General,General
4619,KSA,General,General
4620,KSA,General,General
4621,KSA,General,General
4622,KSA,General,General
4623,KSA,General,General
4624,KSA,General,General
4625,KSA,General,General
4626,KSA,General,General
4627,KSA,General,General
4628,KSA,General,General
4629,KSA,General,General
4630,KSA,General,General
4631,KSA,General,General
4632,KSA,General,General
4633,KSA,General,General
4634,KSA,General,General
4635,KSA,General,General
4636,KSA,General,General
4637,KSA,General,General
4638,KSA,General,General
4639,KSA,General,General
4640,KSA,General,General
4641,KSA,General,General
4642,KSA,General,General
4643,KSA,General,General
4644,KSA,General,General
4645,KSA,General,General
4646,KSA,General,General
4647,KSA,General,General
4648,KSA,General,General
4649,KSA,General,General
4650,KSA,General,General
4651,KSA,General,General
4652,KSA,General,General
4653,KSA,General,General
4654,KSA,General,General
4655,KSA,General,General
4656,KSA,General,General
4657,KSA,General,General
4658,KSA,General,General
4659,KSA,General,General
4660,KSA,General,General
4661,KSA,General,General
4662,KSA,General,General
4663,KSA,General,General
4664,KSA,General,General
4665,KSA,General,General
4666,KSA,General,General
4667,KSA,General,General
4668,KSA,General,General
4669,KSA,General,General
4670,KSA,General,General
4671,KSA,General,General
4672,KSA,General,General
4673,KSA,General,General
4674,KSA,General,General
4675,KSA,General,General
4676,KSA,General,General
4677,KSA,General,General
4678,KSA,General,General
4679,KSA,General,General
4680,KSA,General,General
4681,KSA,General,General
4682,KSA,General,General
4683,KSA,General,General
4684,KSA,General,General
4685,KSA,General,General
4686,KSA,General,General
4687,KSA,General,General
4688,KSA,General,General
4689,KSA,General,General
4690,KSA,General,General
4691,KSA,General,General
4692,KSA,General,General
4693,KSA,General,General
4694,KSA,General,General
4695,KSA,General,General
4696,KSA,General,General
4697,KSA,General,General
4698,KSA,General,General
4699,KSA,General,General
4700,KSA,General,General
4701,KSA,General,General
4702,KSA,General,General
4703,KSA,General,General
6000,KSA,General,General
6010,KSA,General,General
6020,KSA,General,General
6030,KSA,General,General
6040,KSA,General,General
6050,KSA,General,General
6060,KSA,General,General
6070,KSA,General,General
6090,KSA,General,General
6100,KSA,General,General
6110,KSA,General,General
6120,KSA,General,General
6130,KSA,General,General
6140,KSA,General,General
6150,KSA,General,General
6160,KSA,General,General
6170,KSA,General,General
6180,KSA,General,General
6200,KSA,General,General
6210,KSA,General,General
6230,KSA,General,General
6240,KSA,General,General
6250,KSA,General,General
6270,KSA,General,General
6290,KSA,General,General
6300,KSA,General,General
6310,KSA,General,General
6311,KSA,General,General
6320,KSA,General,General
6330,KSA,General,General
6340,KSA,General,General
6350,KSA,General,General
6360,KSA,General,General
6370,KSA,General,General
6380,KSA,General,General
6390,KSA,General,General
6400,KSA,General,General
6410,KSA,General,General
6420,KSA,General,General
6430,KSA,General,General
6440,KSA,General,General
6450,KSA,General,General
6480,KSA,General,General
6490,KSA,General,General
6500,KSA,General,General
6520,KSA,General,General
6530,KSA,General,General
6560,KSA,General,General
6570,KSA,General,General
6580,KSA,General,General
6590,KSA,General,General
6600,KSA,General,General
6610,KSA,General,General
6620,KSA,General,General
6630,KSA,General,General
6640,KSA,General,General
6641,KSA,General,General
6650,KSA,General,General
6651,KSA,General,General
6660,KSA,General,General
6670,KSA,General,General
6680,KSA,General,General
6690,KSA,General,General
6700,KSA,General,General
6710,KSA,General,General
6720,KSA,General,General
6730,KSA,General,General
6740,KSA,General,General
6750,KSA,General,General
6760,KSA,General,General
6800,KSA,General,General
6810,KSA,General,General
6820,KSA,General,General
6850,KSA,General,General
6860,KSA,General,General
6870,KSA,General,General
6890,KSA,General,General
6900,KSA,General,General
6910,KSA,General,General
6911,KSA,General,General
6912,KSA,General,General
6913,KSA,General,General
6914,KSA,General,General
6915,KSA,General,General
6915A,KSA,General,General
6916,KSA,General,General
6917,KSA,General,General
6918,KSA,General,General
6919,KSA,General,General
6920,KSA,General,General
6921,KSA,General,General
6922,KSA,General,General
6923,KSA,General,General
6925,KSA,General,General
6926,KSA,General,General
6927,KSA,General,General
6928,KSA,General,General
6929,KSA,General,General
6930,KSA,General,General
6931,KSA,General,General
6932,KSA,General,General
6933,KSA,General,General
6934,KSA,General,General
6935,KSA,General,General
6936,KSA,General,General
6937,KSA,General,General
6938,KSA,General,General
6939,KSA,General,General
6940,KSA,General,General
6941,KSA,General,General
6942,KSA,General,General
6943,KSA,General,General
6944,KSA,General,General
6945,KSA,General,General
6946,KSA,General,General
6947,KSA,General,General
6948,KSA,General,General
6949,KSA,General,General
7000,KSA,General,General
7001,KSA,General,General
7003,KSA,General,General
7003A,KSA,General,General
7004,KSA,General,General
7004A,KSA,General,General
7005,KSA,General,General
7006,KSA,General,General
7006A,KSA,General,General
7007,KSA,General,General
7008,KSA,General,General
7009,KSA,General,General
7009A,KSA,General,General
7010,KSA,General,General
7011,KSA,General,General
7012,KSA,General,General
7012A,KSA,General,General
7013,KSA,General,General
7014,KSA,General,General
7015,KSA,General,General
7016,KSA,General,General
7017,KSA,General,General
7018,KSA,General,General
7019,KSA,General,General
7020,KSA,General,General
7021,KSA,General,General
7022,KSA,General,General
7024,KSA,General,General
7025,KSA,General,General
7025A,KSA,General,General
7026,KSA,General,General
7027,KSA,General,General
7028,KSA,General,General
7028A,KSA,General,General
7029,KSA,General,General
7030,KSA,General,General
7031,KSA,General,General
7032,KSA,General,General
7033,KSA,General,General
7034,KSA,General,General
7034A,KSA,General,General
7035,KSA,General,General
7036,KSA,General,General
7036A,KSA,General,General
7037,KSA,General,General
7038,KSA,General,General
7039,KSA,General,General
7040,KSA,General,General
7041,KSA,General,General
7042,KSA,General,General
7043,KSA,General,General
7044,KSA,General,General
7045,KSA,General,General
7046,KSA,General,General
7047,KSA,General,General
7048,KSA,General,General
7049,KSA,General,General
7050,KSA,General,General
7051,KSA,General,General
7052,KSA,General,General
7053,KSA,General,General
7054,KSA,General,General
7054A,KSA,General,General
7055,KSA,General,General
7056,KSA,General,General
7057,KSA,General,General
7058,KSA,General,General
7059,KSA,General,General
7060,KSA,General,General
7061,KSA,General,General
7062,KSA,General,General
7063,KSA,General,General
7064,KSA,General,General
7065,KSA,General,General
7066,KSA,General,General
7067,KSA,General,General
7068,KSA,General,General
7069,KSA,General,General
7070,KSA,General,General
7070A,KSA,General,General
7071,KSA,General,General
7072,KSA,General,General
7073,KSA,General,General
7074,KSA,General,General
7075,KSA,General,General
7076,KSA,General,General
7077,KSA,General,General
7077A,KSA,General,General
7078,KSA,General,General
7079,KSA,General,General
7080,KSA,General,General
7081,KSA,General,General
7082,KSA,General,General
7083,KSA,General,General
7084,KSA,General,General
7085,KSA,General,General
7086,KSA,General,General
7087,KSA,General,General
7088,KSA,General,General
7089,KSA,General,General
7090,KSA,General,General
7091,KSA,General,General
7092,KSA,General,General
7093,KSA,General,General
7094,KSA,General,General
7095,KSA,General,General
7096,KSA,General,General
7097,KSA,General,General
7098,KSA,General,General
7099,KSA,General,General
7100,KSA,General,General
7101,KSA,General,General
7102,KSA,General,General
7103,KSA,General,General
7104,KSA,General,General
7105,KSA,General,General
7106,KSA,General,General
7107,KSA,General,General
7108,KSA,General,General
7109,KSA,General,General
7110,KSA,General,General
